date,vnindex,market_liquidity_bil_vnd,market_margin_bil_vnd,market_share_pct
2025-01-01,1264.12,16491.0,180521.0,6.16
2025-01-02,1261.0,15755.0,181070.0,6.18
2025-01-03,1261.86,16020.0,180867.0,6.23
2025-01-04,1265.72,17523.0,180396.0,6.18
2025-01-05,1260.01,16889.0,180425.0,6.34
2025-01-06,1260.62,18566.0,179645.0,6.32
2025-01-07,1261.22,15878.0,179954.0,6.34
2025-01-08,1247.78,20713.0,180230.0,6.42
2025-01-09,1256.52,21615.0,179636.0,6.4
2025-01-10,1261.92,16311.0,179739.0,6.39
2025-01-11,1257.52,13057.0,180557.0,6.32
2025-01-12,1256.75,20590.0,181371.0,6.28
2025-01-13,1261.39,22047.0,182148.0,6.49
2025-01-14,1259.9,17496.0,182113.0,6.26
2025-01-15,1258.56,13570.0,181946.0,6.27
2025-01-16,1247.53,19011.0,181742.0,6.26
2025-01-17,1252.57,23419.0,182227.0,6.35
2025-01-18,1254.16,11521.0,183944.0,6.38
2025-01-19,1256.96,19766.0,184997.0,6.43
2025-01-20,1245.34,17001.0,186177.0,6.34
2025-01-21,1259.15,15109.0,187192.0,6.23
2025-01-22,1260.98,19852.0,186133.0,6.4
2025-01-23,1258.49,13568.0,186063.0,6.46
2025-01-24,1275.32,19158.0,185830.0,6.39
2025-01-25,1275.56,22721.0,186775.0,6.39
2025-01-26,1264.55,18748.0,188026.0,6.45
2025-01-27,1261.91,15067.0,187632.0,6.53
2025-01-28,1244.2,11912.0,187729.0,6.41
2025-01-29,1253.2,13658.0,188189.0,6.31
2025-01-30,1250.47,11706.0,187917.0,6.39
2025-01-31,1245.13,23754.0,187547.0,6.43
2025-02-01,1254.31,17287.0,187143.0,6.3
2025-02-02,1241.7,14508.0,187832.0,6.51
2025-02-03,1246.58,13627.0,187266.0,6.4
2025-02-04,1230.66,14441.0,188130.0,6.5
2025-02-05,1225.97,17006.0,188261.0,6.48
2025-02-06,1216.93,13697.0,188857.0,6.45
2025-02-07,1229.23,24059.0,190009.0,6.61
2025-02-08,1243.96,15581.0,189611.0,6.44
2025-02-09,1241.92,15463.0,189109.0,6.44
2025-02-10,1249.25,19284.0,189478.0,6.52
2025-02-11,1248.41,23289.0,188826.0,6.57
2025-02-12,1253.55,22851.0,188385.0,6.5
2025-02-13,1248.13,16515.0,188375.0,6.43
2025-02-14,1235.06,19122.0,188555.0,6.57
2025-02-15,1221.24,18755.0,187755.0,6.56
2025-02-16,1224.9,20093.0,187557.0,6.69
2025-02-17,1243.49,19138.0,188035.0,6.51
2025-02-18,1246.24,14945.0,189045.0,6.54
2025-02-19,1242.64,13843.0,187743.0,6.48
2025-02-20,1258.54,18874.0,188726.0,6.41
2025-02-21,1261.04,14122.0,189412.0,6.54
2025-02-22,1262.45,23040.0,188724.0,6.61
2025-02-23,1265.07,18414.0,187767.0,6.46
2025-02-24,1264.61,14688.0,188129.0,6.49
2025-02-25,1262.74,17159.0,187906.0,6.45
2025-02-26,1251.86,16514.0,188071.0,6.65
2025-02-27,1256.47,17836.0,188742.0,6.5
2025-02-28,1256.31,21611.0,188552.0,6.59
2025-03-01,1266.46,13250.0,188735.0,6.48
2025-03-02,1264.11,11774.0,189137.0,6.56
2025-03-03,1249.45,19499.0,189827.0,6.5
2025-03-04,1249.26,17700.0,191125.0,6.36
2025-03-05,1263.45,18897.0,192382.0,6.56
2025-03-06,1260.99,19887.0,192620.0,6.59
2025-03-07,1254.47,17703.0,192525.0,6.38
2025-03-08,1245.52,21141.0,194249.0,6.53
2025-03-09,1237.72,15221.0,194766.0,6.51
2025-03-10,1235.92,18577.0,195134.0,6.46
2025-03-11,1227.08,15449.0,194437.0,6.53
2025-03-12,1239.66,14408.0,195049.0,6.39
2025-03-13,1238.0,20522.0,194578.0,6.56
2025-03-14,1239.47,20364.0,194329.0,6.64
2025-03-15,1251.57,11581.0,193469.0,6.44
2025-03-16,1264.2,14456.0,193178.0,6.53
2025-03-17,1263.1,19410.0,193292.0,6.65
2025-03-18,1266.35,22139.0,192317.0,6.54
2025-03-19,1272.83,16068.0,191764.0,6.49
2025-03-20,1271.89,17760.0,191780.0,6.45
2025-03-21,1258.27,13462.0,190971.0,6.54
2025-03-22,1264.1,27202.0,190169.0,6.51
2025-03-23,1271.86,20082.0,189659.0,6.57
2025-03-24,1275.78,21556.0,188749.0,6.39
2025-03-25,1268.99,20733.0,189248.0,6.59
2025-03-26,1268.03,21701.0,188626.0,6.47
2025-03-27,1263.9,20568.0,189232.0,6.55
2025-03-28,1262.1,17272.0,189947.0,6.44
2025-03-29,1273.08,21054.0,189182.0,6.38
2025-03-30,1285.91,18732.0,189281.0,6.44
2025-03-31,1291.87,22999.0,189017.0,6.4
2025-04-01,1296.86,15891.0,188295.0,6.44
2025-04-02,1302.87,16577.0,188131.0,6.52
2025-04-03,1303.37,20790.0,188033.0,6.55
2025-04-04,1303.37,22960.0,188599.0,6.47
2025-04-05,1298.58,18995.0,189384.0,6.41
2025-04-06,1298.73,15998.0,188687.0,6.41
2025-04-07,1317.41,18081.0,188474.0,6.48
2025-04-08,1324.96,16758.0,188914.0,6.52
2025-04-09,1322.83,25146.0,189806.0,6.4
2025-04-10,1319.65,21658.0,188172.0,6.41
2025-04-11,1313.34,22943.0,189134.0,6.35
2025-04-12,1316.93,19578.0,189087.0,6.42
2025-04-13,1320.66,16585.0,190227.0,6.47
2025-04-14,1309.72,22640.0,190001.0,6.16
2025-04-15,1314.21,24327.0,189491.0,6.4
2025-04-16,1310.25,20580.0,189592.0,6.33
2025-04-17,1322.27,18464.0,190479.0,6.18
2025-04-18,1324.12,22337.0,190570.0,6.38
2025-04-19,1338.46,17260.0,188994.0,6.34
2025-04-20,1335.4,21240.0,189542.0,6.37
2025-04-21,1333.7,16079.0,188488.0,6.22
2025-04-22,1336.69,15178.0,187874.0,6.5
2025-04-23,1345.74,20562.0,187133.0,6.33
2025-04-24,1350.87,19768.0,185918.0,6.28
2025-04-25,1341.6,25255.0,185113.0,6.42
2025-04-26,1343.66,17615.0,184493.0,6.34
2025-04-27,1344.44,18682.0,184135.0,6.35
2025-04-28,1341.61,14616.0,184168.0,6.37
2025-04-29,1337.02,12068.0,184004.0,6.1
2025-04-30,1351.6,12383.0,183038.0,6.39
2025-05-01,1349.08,20242.0,182981.0,6.22
2025-05-02,1342.91,14508.0,183732.0,6.26
2025-05-03,1348.61,22575.0,184465.0,6.31
2025-05-04,1350.26,23615.0,184630.0,6.17
2025-05-05,1350.25,17643.0,185133.0,6.24
2025-05-06,1357.1,24451.0,185828.0,6.27
2025-05-07,1361.61,19447.0,186851.0,6.19
2025-05-08,1365.11,22595.0,188108.0,6.23
2025-05-09,1373.42,17873.0,187954.0,6.05
2025-05-10,1376.29,22025.0,187834.0,6.08
2025-05-11,1371.95,15371.0,188935.0,6.07
2025-05-12,1369.66,20857.0,190098.0,6.18
2025-05-13,1366.09,17076.0,191246.0,6.44
2025-05-14,1368.37,18231.0,189676.0,6.16
2025-05-15,1360.34,20905.0,189592.0,6.12
2025-05-16,1346.28,19303.0,187383.0,6.11
2025-05-17,1347.59,18444.0,187964.0,6.19
2025-05-18,1337.5,21256.0,188073.0,6.16
2025-05-19,1322.48,21526.0,188179.0,6.0
2025-05-20,1326.07,13872.0,188153.0,6.17
2025-05-21,1320.98,20681.0,189135.0,6.08
2025-05-22,1325.55,21078.0,189000.0,6.13
2025-05-23,1321.9,16104.0,189793.0,5.9
2025-05-24,1313.52,20090.0,190251.0,5.93
2025-05-25,1304.18,14111.0,190571.0,6.09
2025-05-26,1300.66,23788.0,190965.0,5.89
2025-05-27,1299.07,17924.0,191112.0,6.06
2025-05-28,1293.08,18486.0,190416.0,6.05
2025-05-29,1291.43,22957.0,190988.0,6.03
2025-05-30,1279.74,18272.0,191557.0,6.04
2025-05-31,1280.46,20873.0,191526.0,6.02
2025-06-01,1266.71,15116.0,192108.0,6.03
2025-06-02,1265.76,16793.0,192807.0,5.95
2025-06-03,1271.94,13918.0,191980.0,5.98
2025-06-04,1281.27,18068.0,191951.0,6.21
2025-06-05,1295.59,22411.0,191710.0,6.06
2025-06-06,1283.74,19590.0,191147.0,6.01
2025-06-07,1290.41,21908.0,191442.0,5.98
2025-06-08,1300.66,15226.0,190922.0,5.89
2025-06-09,1309.1,15732.0,190688.0,5.96
2025-06-10,1302.27,17199.0,190930.0,5.92
2025-06-11,1306.16,20837.0,191245.0,6.01
2025-06-12,1321.64,20086.0,191540.0,5.85
2025-06-13,1310.27,18790.0,193174.0,5.73
2025-06-14,1314.68,21028.0,192891.0,5.87
2025-06-15,1324.17,18324.0,193136.0,5.96
2025-06-16,1319.2,18784.0,192362.0,6.1
2025-06-17,1324.47,23431.0,192769.0,5.98
2025-06-18,1316.5,16818.0,193646.0,5.82
2025-06-19,1310.6,19514.0,194566.0,5.87
2025-06-20,1304.66,24522.0,194191.0,5.81
2025-06-21,1306.8,19242.0,194065.0,5.87
2025-06-22,1306.67,21363.0,195019.0,5.81
2025-06-23,1314.91,16772.0,195024.0,5.74
2025-06-24,1307.98,25748.0,195765.0,5.91
2025-06-25,1307.53,11032.0,195154.0,5.89
2025-06-26,1315.82,14941.0,196192.0,5.85
2025-06-27,1320.91,15228.0,196981.0,5.89
2025-06-28,1310.91,24591.0,197376.0,6.02
2025-06-29,1316.83,20160.0,196887.0,5.87
2025-06-30,1313.61,18014.0,196846.0,5.83
2025-07-01,1317.29,14451.0,197021.0,5.93
2025-07-02,1320.3,20216.0,197276.0,5.72
2025-07-03,1330.65,19346.0,197272.0,5.91
2025-07-04,1332.18,16527.0,197190.0,5.79
2025-07-05,1317.95,13737.0,197394.0,5.79
2025-07-06,1307.59,15103.0,198441.0,5.86
2025-07-07,1314.04,19715.0,197106.0,5.98
2025-07-08,1312.58,20062.0,196215.0,5.79
2025-07-09,1322.28,19234.0,195204.0,5.93
2025-07-10,1325.07,18453.0,194793.0,5.88
2025-07-11,1319.67,12798.0,193645.0,5.74
2025-07-12,1328.93,19164.0,194102.0,5.92
2025-07-13,1323.07,15385.0,194239.0,5.79
2025-07-14,1307.25,19150.0,194131.0,5.74
2025-07-15,1324.36,20637.0,193724.0,5.79
2025-07-16,1309.68,16649.0,193904.0,5.8
2025-07-17,1315.37,15439.0,194099.0,5.91
2025-07-18,1323.48,22502.0,194400.0,5.8
2025-07-19,1325.26,20261.0,193960.0,5.98
2025-07-20,1312.39,16807.0,194484.0,5.88
2025-07-21,1321.11,8539.0,193526.0,5.81
2025-07-22,1310.18,18874.0,194471.0,5.8
2025-07-23,1300.03,21253.0,192387.0,5.89
2025-07-24,1297.73,22981.0,192042.0,5.71
2025-07-25,1304.64,16689.0,191270.0,5.71
2025-07-26,1307.64,16816.0,191893.0,5.81
2025-07-27,1314.73,17521.0,190923.0,5.94
2025-07-28,1311.78,22009.0,192269.0,5.91
2025-07-29,1311.0,14970.0,191257.0,5.9
2025-07-30,1302.51,18692.0,192747.0,5.88
2025-07-31,1300.57,15852.0,193131.0,5.73
2025-08-01,1305.92,20037.0,193222.0,5.88
2025-08-02,1304.12,13661.0,193597.0,5.77
2025-08-03,1308.52,20424.0,195202.0,5.99
2025-08-04,1304.54,17375.0,195897.0,5.92
2025-08-05,1300.4,18334.0,194404.0,5.92
2025-08-06,1301.31,20963.0,195310.0,5.97
2025-08-07,1300.35,23132.0,195542.0,5.97
2025-08-08,1305.69,13194.0,194480.0,5.97
2025-08-09,1307.72,22651.0,195083.0,5.98
2025-08-10,1322.24,21097.0,194305.0,5.91
2025-08-11,1321.08,18118.0,194502.0,5.86
2025-08-12,1319.86,24068.0,194735.0,6.0
2025-08-13,1312.14,19820.0,194351.0,6.09
2025-08-14,1312.93,23692.0,194874.0,6.07
2025-08-15,1318.99,17095.0,194229.0,5.98
2025-08-16,1313.67,16141.0,194433.0,6.05
2025-08-17,1313.87,23466.0,194120.0,5.97
2025-08-18,1320.22,26760.0,194062.0,6.05
2025-08-19,1319.8,21409.0,195478.0,5.97
2025-08-20,1316.25,22315.0,195627.0,6.04
2025-08-21,1324.63,17542.0,194935.0,6.2
2025-08-22,1326.01,14568.0,194923.0,6.11
2025-08-23,1329.78,18420.0,194455.0,6.17
2025-08-24,1339.75,24467.0,194543.0,6.0
2025-08-25,1349.52,12710.0,194727.0,6.01
2025-08-26,1347.34,17493.0,194856.0,6.07
2025-08-27,1343.73,12531.0,194985.0,6.13
2025-08-28,1346.61,19616.0,194674.0,6.08
2025-08-29,1346.15,22302.0,195058.0,6.18
2025-08-30,1331.55,14898.0,195868.0,6.07
2025-08-31,1342.35,17820.0,195504.0,6.23
2025-09-01,1343.11,23898.0,195533.0,6.21
2025-09-02,1349.6,18953.0,195646.0,6.05
2025-09-03,1340.81,14931.0,196593.0,6.19
2025-09-04,1351.72,14666.0,197419.0,6.14
2025-09-05,1347.61,12227.0,196978.0,6.24
2025-09-06,1347.35,21990.0,197098.0,6.13
2025-09-07,1336.74,16677.0,196123.0,6.2
2025-09-08,1336.0,22971.0,195517.0,6.23
2025-09-09,1334.77,22334.0,195597.0,5.98
2025-09-10,1333.88,16994.0,196108.0,6.06
2025-09-11,1337.99,17462.0,196846.0,6.22
2025-09-12,1339.07,22040.0,196699.0,6.21
2025-09-13,1347.48,19843.0,195822.0,6.31
2025-09-14,1344.34,20262.0,196170.0,6.26
2025-09-15,1336.97,13565.0,196118.0,6.15
2025-09-16,1337.41,22477.0,196485.0,6.28
2025-09-17,1343.04,16277.0,196667.0,6.21
2025-09-18,1353.6,11402.0,197238.0,6.26
2025-09-19,1360.71,17192.0,197767.0,6.24
2025-09-20,1347.19,20833.0,198427.0,6.32
2025-09-21,1350.8,26701.0,198176.0,6.19
2025-09-22,1363.09,18062.0,198942.0,6.22
2025-09-23,1364.19,14717.0,198660.0,6.14
2025-09-24,1360.66,26809.0,198790.0,6.5
2025-09-25,1363.73,19943.0,200162.0,6.25
2025-09-26,1360.31,18473.0,200482.0,6.27
2025-09-27,1366.02,15626.0,199736.0,6.26
2025-09-28,1366.51,15884.0,200849.0,6.31
2025-09-29,1378.26,24578.0,201619.0,6.33
2025-09-30,1382.85,18460.0,202487.0,6.42
2025-10-01,1377.66,17531.0,202695.0,6.39
2025-10-02,1383.1,17634.0,203008.0,6.41
2025-10-03,1391.19,24911.0,202914.0,6.35
2025-10-04,1387.24,17366.0,202494.0,6.4
2025-10-05,1384.43,21632.0,203635.0,6.51
2025-10-06,1366.59,20370.0,203448.0,6.41
2025-10-07,1374.42,20282.0,203181.0,6.45
2025-10-08,1370.32,16379.0,202941.0,6.27
2025-10-09,1353.94,21759.0,204314.0,6.48
2025-10-10,1340.39,25090.0,204999.0,6.46
2025-10-11,1339.21,19282.0,204811.0,6.55
2025-10-12,1345.89,16251.0,204850.0,6.23
2025-10-13,1345.78,14955.0,205277.0,6.46
2025-10-14,1350.15,20148.0,205962.0,6.46
2025-10-15,1341.94,18534.0,204904.0,6.48
2025-10-16,1331.81,19125.0,205607.0,6.43
2025-10-17,1339.5,19537.0,205524.0,6.5
2025-10-18,1344.03,14336.0,205114.0,6.54
2025-10-19,1344.39,22241.0,204911.0,6.5
2025-10-20,1355.24,20332.0,205535.0,6.47
2025-10-21,1348.24,19255.0,206836.0,6.48
2025-10-22,1345.47,20333.0,207010.0,6.47
2025-10-23,1354.28,22768.0,207470.0,6.51
2025-10-24,1369.59,19719.0,206970.0,6.46
2025-10-25,1370.25,16561.0,207384.0,6.36
2025-10-26,1384.29,23624.0,208030.0,6.63
2025-10-27,1380.07,18031.0,207058.0,6.38
2025-10-28,1383.31,17014.0,206769.0,6.52
2025-10-29,1382.52,14091.0,207393.0,6.42
2025-10-30,1370.41,19591.0,206231.0,6.51
2025-10-31,1373.08,15902.0,206040.0,6.46
2025-11-01,1381.14,17757.0,206530.0,6.53
2025-11-02,1380.55,21151.0,205417.0,6.47
2025-11-03,1380.59,19700.0,205209.0,6.44
2025-11-04,1392.33,23146.0,205317.0,6.57
2025-11-05,1382.93,20662.0,206011.0,6.65
2025-11-06,1371.55,18186.0,205186.0,6.57
2025-11-07,1366.92,18451.0,206032.0,6.55
2025-11-08,1357.95,17834.0,206316.0,6.46
2025-11-09,1369.32,21877.0,207224.0,6.54
2025-11-10,1372.4,19695.0,208108.0,6.58
2025-11-11,1366.08,18187.0,208417.0,6.5
2025-11-12,1361.77,22588.0,208827.0,6.62
2025-11-13,1385.26,19973.0,207679.0,6.54
2025-11-14,1380.97,18011.0,206804.0,6.57
2025-11-15,1375.48,14353.0,206170.0,6.51
2025-11-16,1378.51,21182.0,205997.0,6.51
2025-11-17,1384.22,20492.0,206720.0,6.56
2025-11-18,1386.59,19841.0,205542.0,6.57
2025-11-19,1379.92,18147.0,205388.0,6.57
2025-11-20,1371.25,16755.0,204533.0,6.46
2025-11-21,1376.62,18884.0,203512.0,6.48
2025-11-22,1376.79,20492.0,204616.0,6.53
2025-11-23,1364.25,19240.0,204755.0,6.38
2025-11-24,1374.22,19186.0,205970.0,6.61
2025-11-25,1381.02,18059.0,206869.0,6.55
2025-11-26,1379.7,20889.0,206294.0,6.53
2025-11-27,1378.21,20526.0,205065.0,6.46
2025-11-28,1380.67,17080.0,206585.0,6.58
2025-11-29,1375.77,22379.0,206371.0,6.49
2025-11-30,1365.58,22493.0,205640.0,6.66
2025-12-01,1368.76,22576.0,206194.0,6.54
2025-12-02,1357.85,19277.0,206359.0,6.38
2025-12-03,1361.58,19060.0,205959.0,6.55
2025-12-04,1350.65,15687.0,205787.0,6.45
2025-12-05,1350.45,22391.0,205970.0,6.44
2025-12-06,1349.97,12279.0,206092.0,6.46
2025-12-07,1364.83,18391.0,206691.0,6.46
2025-12-08,1356.91,18576.0,206513.0,6.49
2025-12-09,1346.19,22767.0,206343.0,6.53
2025-12-10,1341.63,19773.0,206833.0,6.49
2025-12-11,1333.24,16405.0,207123.0,6.39
2025-12-12,1329.12,14792.0,207958.0,6.34
2025-12-13,1333.08,17239.0,207854.0,6.38
2025-12-14,1339.86,20169.0,207855.0,6.46
2025-12-15,1353.74,19994.0,207116.0,6.5
2025-12-16,1348.44,19115.0,208235.0,6.56
2025-12-17,1370.15,17416.0,207329.0,6.31
2025-12-18,1386.61,19081.0,207541.0,6.41
2025-12-19,1385.58,23314.0,206986.0,6.38
2025-12-20,1367.85,15976.0,207293.0,6.36
2025-12-21,1367.78,19950.0,207884.0,6.4
2025-12-22,1368.96,25502.0,206806.0,6.36
2025-12-23,1351.17,21783.0,206728.0,6.35
2025-12-24,1352.36,18252.0,205569.0,6.31
2025-12-25,1351.36,22166.0,206622.0,6.39
2025-12-26,1345.67,17226.0,206382.0,6.43
2025-12-27,1351.29,19888.0,205348.0,6.47
2025-12-28,1359.93,25308.0,204927.0,6.29
2025-12-29,1356.64,26503.0,205915.0,6.24
2025-12-30,1359.08,13899.0,207026.0,6.29
2025-12-31,1354.44,22334.0,207985.0,6.24
2026-01-01,1348.74,26709.0,207506.0,6.38
2026-01-02,1349.98,17986.0,207470.0,6.22
2026-01-03,1354.77,20806.0,208684.0,6.29
2026-01-04,1350.86,25180.0,208242.0,6.17
2026-01-05,1333.75,18186.0,208078.0,6.24
2026-01-06,1339.04,21497.0,207480.0,6.27
2026-01-07,1326.87,19713.0,206735.0,6.37
2026-01-08,1328.44,13187.0,207649.0,6.18
2026-01-09,1343.27,21142.0,208161.0,6.26
2026-01-10,1343.74,19291.0,208546.0,6.06
2026-01-11,1334.82,23189.0,209021.0,6.12
2026-01-12,1323.73,27273.0,209806.0,6.14
2026-01-13,1333.7,22345.0,210934.0,6.16
2026-01-14,1334.16,18671.0,210998.0,6.22
2026-01-15,1339.08,21537.0,210830.0,6.23
2026-01-16,1347.09,20673.0,210183.0,6.04
2026-01-17,1347.3,23552.0,211011.0,6.2
2026-01-18,1345.43,14941.0,210720.0,6.06
2026-01-19,1338.45,15900.0,209744.0,6.29
2026-01-20,1314.39,12829.0,209626.0,6.16
2026-01-21,1302.85,22118.0,209713.0,6.14
2026-01-22,1302.89,19931.0,210366.0,6.1
2026-01-23,1302.09,17763.0,211138.0,6.11
2026-01-24,1305.91,17470.0,210697.0,6.1
2026-01-25,1305.5,18011.0,210207.0,6.04
2026-01-26,1307.38,16771.0,210047.0,6.14
2026-01-27,1314.28,18899.0,209269.0,6.1
2026-01-28,1307.8,18299.0,209262.0,6.13
2026-01-29,1306.1,24899.0,209655.0,6.05
2026-01-30,1293.84,21171.0,209755.0,6.1
2026-01-31,1302.23,17180.0,208696.0,5.98
2026-02-01,1303.13,18006.0,207931.0,6.32
2026-02-02,1307.65,24251.0,208901.0,5.97
2026-02-03,1320.59,21644.0,208262.0,5.98
2026-02-04,1329.83,21098.0,208849.0,6.09
2026-02-05,1329.95,22593.0,209361.0,6.1
2026-02-06,1336.85,25627.0,209206.0,5.93
2026-02-07,1326.0,15820.0,208578.0,5.86
2026-02-08,1330.07,17476.0,208795.0,5.87
2026-02-09,1331.78,13999.0,208245.0,5.9
2026-02-10,1319.43,21828.0,208192.0,5.91
2026-02-11,1330.73,18776.0,208336.0,5.95
2026-02-12,1325.7,17755.0,207904.0,6.04
2026-02-13,1331.76,17444.0,207815.0,6.04
2026-02-14,1329.01,22537.0,207670.0,5.89
2026-02-15,1337.55,19625.0,206875.0,5.98
2026-02-16,1348.65,18271.0,206811.0,6.0
2026-02-17,1342.61,24526.0,206435.0,6.04
2026-02-18,1330.97,16476.0,205228.0,5.91
2026-02-19,1330.52,15718.0,205062.0,5.86
2026-02-20,1337.91,29229.0,204934.0,5.97
2026-02-21,1335.54,18866.0,204580.0,6.03
2026-02-22,1331.23,18256.0,203207.0,5.86
2026-02-23,1335.74,17618.0,203821.0,6.05
2026-02-24,1314.24,19690.0,204369.0,6.03
2026-02-25,1309.53,22914.0,204894.0,5.87
2026-02-26,1299.06,22816.0,205192.0,5.76
2026-02-27,1302.01,22088.0,204382.0,5.83
2026-02-28,1296.72,19214.0,204538.0,5.85
2026-03-01,1288.4,14979.0,203959.0,5.91
2026-03-02,1286.17,21190.0,205560.0,5.73
2026-03-03,1275.02,25521.0,205265.0,6.06
2026-03-04,1275.52,23953.0,205803.0,6.05
2026-03-05,1270.66,19626.0,204786.0,5.8
2026-03-06,1268.24,23029.0,204030.0,5.71
2026-03-07,1263.1,18876.0,203725.0,5.84
2026-03-08,1271.0,20038.0,204287.0,5.89
2026-03-09,1270.73,15916.0,204740.0,5.96
2026-03-10,1275.53,19137.0,205012.0,5.91
2026-03-11,1279.97,20738.0,203784.0,5.83
2026-03-12,1274.12,19660.0,204646.0,5.69
2026-03-13,1279.28,22952.0,204067.0,5.89
2026-03-14,1282.67,26855.0,205268.0,5.91
2026-03-15,1285.78,24893.0,206645.0,5.82
2026-03-16,1283.19,19205.0,207293.0,5.87
2026-03-17,1280.37,17718.0,208055.0,5.86
2026-03-18,1287.26,17998.0,207242.0,5.83
2026-03-19,1305.31,16865.0,209119.0,5.75
2026-03-20,1299.27,20412.0,209341.0,5.87
2026-03-21,1304.15,21772.0,210111.0,5.73
2026-03-22,1301.82,20944.0,209580.0,5.96
2026-03-23,1308.7,20986.0,209605.0,5.78
2026-03-24,1312.8,20867.0,208844.0,5.89
2026-03-25,1321.89,19857.0,208746.0,5.79
2026-03-26,1300.13,17726.0,208827.0,5.88
2026-03-27,1295.92,26365.0,209076.0,5.84
2026-03-28,1288.61,24001.0,210123.0,5.9
2026-03-29,1288.35,17161.0,210530.0,5.8
2026-03-30,1283.16,17176.0,210770.0,5.73
2026-03-31,1278.63,18298.0,210867.0,5.84
2026-04-01,1284.69,20471.0,212344.0,5.84
2026-04-02,1300.5,24767.0,212009.0,5.75
2026-04-03,1278.51,23917.0,212911.0,5.82
2026-04-04,1276.63,24108.0,211608.0,5.75
2026-04-05,1279.72,24183.0,211063.0,5.89
2026-04-06,1280.36,24253.0,211421.0,5.86
2026-04-07,1278.2,22965.0,211378.0,5.89
2026-04-08,1267.97,21982.0,213553.0,6.1
2026-04-09,1261.03,19980.0,215429.0,5.91
2026-04-10,1267.43,14298.0,214435.0,5.94
2026-04-11,1276.64,19955.0,213756.0,5.96
2026-04-12,1278.01,26719.0,213726.0,5.91
2026-04-13,1271.92,18527.0,215015.0,5.87
2026-04-14,1273.29,18232.0,215880.0,6.0
2026-04-15,1271.97,23988.0,216180.0,6.02
2026-04-16,1276.93,20715.0,215259.0,5.71
2026-04-17,1278.48,18758.0,214739.0,5.93
2026-04-18,1274.1,25895.0,212930.0,5.92
2026-04-19,1276.23,22633.0,211926.0,5.91
2026-04-20,1267.39,23105.0,212296.0,6.06
2026-04-21,1274.55,18483.0,212920.0,5.93
2026-04-22,1284.61,22203.0,212080.0,6.05
2026-04-23,1275.78,21787.0,212228.0,5.94
2026-04-24,1279.75,23194.0,213439.0,5.96
2026-04-25,1272.42,24501.0,213626.0,6.06
2026-04-26,1281.6,24426.0,213485.0,5.95
2026-04-27,1289.43,21086.0,213986.0,6.0
2026-04-28,1288.19,22908.0,214429.0,5.93
2026-04-29,1296.75,16492.0,214559.0,5.96
